age_band,age_lower,sex,allcause_death_rate,ihd_stroke_death_rate,ihd_stroke_inc_rate,acute_cf,gbd_lifetime_fatality_ratio
<20,0,female,59.5,3.6,15.53509973007,0.15,0.231733304745497
20-24,20,female,70.4,4.1,26.26468169159,0.15,0.156103167293013
25-29,25,female,80.4,5.4,32.57100316937,0.15,0.165791639020753
30-34,30,female,93,6.2,41.77239342824,0.15,0.148423384229847
35-39,35,female,131.1,8.5,53.88700282589,0.15,0.157737479433838
40-44,40,female,183.7,14.9,74.67023261375,0.15,0.199544041560362
45-49,45,female,267.3,23.5,105.62103085228,0.15,0.222493567903789
50-54,50,female,378.5,33.8,144.60641520487,0.15,0.233737901268862
55-59,55,female,539.6,51.5,192.54013621133,0.15,0.267476698694521
60-64,60,female,797.7,80.7,269.57695290904,0.2,0.299357935198673
65-69,65,female,1233.2,134.5,385.23819815224,0.2,0.349134640970488
70-74,70,female,1909,244.5,534.84856960206,0.28,0.457138737758827
75-79,75,female,3130.3,405.6,704.82095620565,0.28,0.575465295730588
80-84,80,female,5712.7,779.1,1038.89947766794,0.4,0.749928185303238
85-89,85,female,12704.4,2017.9,1565.12116819822,0.4,1.28929314931126
90-94,90,female,20646,3494.9,2264.31503910954,0.4,1.54346896948333
95+,95,female,26707.5,4027.4,3232.35879664323,0.4,1.24596316602675
<20,0,male,98.4,5.5,15.62722429758,0.15,0.351949898156368
20-24,20,male,147.4,7.7,28.98586650811,0.15,0.26564670743397
25-29,25,male,180.6,11.4,40.49699220759,0.15,0.281502387672717
30-34,30,male,201.4,15.8,55.51359335118,0.15,0.284614975291708
35-39,35,male,240.4,20.3,74.09256802284,0.15,0.273981595478541
40-44,40,male,288.4,28.7,109.07871120968,0.15,0.26311275299935
45-49,45,male,363.4,40.8,164.37420159334,0.15,0.248214133389002
50-54,50,male,497.5,60.1,243.81723612279,0.15,0.246496108953236
55-59,55,male,730.1,90.2,349.47169291932,0.15,0.258103880307192
60-64,60,male,1090.6,148.1,479.59616156988,0.2,0.308801470627327
65-69,65,male,1621.9,214,630.38186369412,0.2,0.339476771660168
70-74,70,male,2553.9,366.2,871.57315272364,0.28,0.420159798240269
75-79,75,male,4215.4,598.2,1152.75658329336,0.28,0.518930022755521
80-84,80,male,7153.2,1041.3,1505.81653548131,0.4,0.691518505384964
85-89,85,male,15380.5,2543,1974.27741814397,0.4,1.2880661940563
90-94,90,male,23090.5,3888.5,2626.54536972298,0.4,1.48046176731762
95+,95,male,28642.3,4302.2,3541.69825091641,0.4,1.21472799069961
